A:LS:LC,A:LS:MC,A:MS:MC,A:HS:MC,A:LS:HC,A:HS:HC,A:MS:HC,A:MS:LC,A:HS:LC
102.315,191.345,196.815,180.99,393.36,408.11,383.665,83.565,85.235
99.12,192.02,196.56,175.825,399.11,404.825,378.035,85.745,85.065
101.155,189.775,197.23,174.27,399.47,402.8,377.33,83.96,83.32
99.695,192.08,190.615,177.705,395.94,396.795,372.415,83.36,83.735
98.715,189.06,194.52,176.9,382.49,394.35,375.57,83.475,82.745
96.89,183.645,193.095,174.715,377.46,404.505,371.675,82.2,82.755
95.195,188.135,194.97,177.55,381.74,401.755,376.96,82.19,84.91
97.74,187.005,194.56,176.09,380.825,398.51,364.49,83.155,81.555
96.82,187.67,191.72,175.855,381.075,397.625,369.695,82.095,82.265
95.985,185.685,192.335,176.78,363.825,405.455,379.455,82.46,83.38
97.26,188.49,195.095,174.96,378.39,396.515,367.69,81.32,83.395
97.715,187.89,192.455,173.545,373.67,389.54,370.97,81.35,82.45
95.73,186.61,195.55,171.08,371.09,395.58,373.9,81.105,81.425
93.78,187.425,192.645,175.11,365.625,395.38,367.26,81.335,81.79
94.55,180.74,191.64,178.78,371.27,399.655,365.235,79.92,82.485
93.73,179.93,190.085,174.91,360.59,390.815,366.215,81.52,81.82
94.565,179.84,191.56,175.625,369.51,394.025,359.765,79.43,81.615
95.405,178.175,192.2,174.375,369.995,393.33,359.56,80.745,80.755
95.205,184.765,197.475,176.015,363,396.4,364.325,81.045,81.28
93.08,184.37,192.515,174.53,362.595,398.66,366.595,78.55,82.215
93.66,180.175,191.06,174.365,363.595,394.77,363.6,80.53,84.615
91.36,177.83,196.105,172.075,365.82,389.55,359.8,78.325,81.495
93.9,178.79,189.325,172.835,367.95,393.305,363.08,79.17,80.84
94.07,185.895,191.77,170.675,368.235,390.2,362.375,79.86,82.445
91.83,184.015,191.705,177.7,360.46,396.08,367.655,76.87,82.455
92.17,183.32,193.135,176.325,358.215,390.55,363.905,79.405,81.32
94.28,181.15,191.395,172.37,354.28,393.215,365.185,78.695,83.92
92.755,180.905,194.85,174.28,361.245,400.665,362.58,79.495,82.21
92.65,179.715,191.625,175.465,365.295,391.89,363.835,80.44,83.1
91.865,178.055,192.21,173.76,360.955,397.02,360.415,78.765,82.72
91.35,182.48,190.215,177.25,352.715,391.2,362.105,78.285,80.96
92.345,176.75,190.975,173.595,352.43,383.575,364.62,81.115,81.905
92.35,176.065,190.085,171.88,355.14,389.12,363.015,79.22,81.2
91.73,174.945,199.325,175.55,363.09,391.57,361.79,77.89,81.735
92.275,178.175,191.41,172.785,352.985,384.945,359.71,79.195,82.32
93.005,179.84,192.31,174.31,354.07,399.14,360.305,79.43,80.685
91.155,176.38,193.705,172.72,359.19,398.075,360.595,78.135,83.09
90.305,176.015,191.895,175.175,357.385,389.96,357.24,77.91,79.995
90.7,179.82,189.405,175.145,367.195,390.115,361.99,80.815,80.08
91.36,179.62,191.86,175.12,357.13,391.085,356.515,78.735,80.675
91.22,178.605,187.11,172.88,350.39,398.355,354.49,77.345,80.98
90.965,175.455,190.33,173.71,355.25,395.105,356.535,79.265,83.04
91.315,173.075,191.775,174.355,345.805,390.58,358.44,77.775,83.25
92.74,174.615,190.945,173.32,347.745,392.61,360.47,78.25,81.98
89.945,178.55,188.575,171.21,358.025,394.61,357.595,77.415,81.665
88.85,180.015,187.56,174.9,345.37,385.935,350.34,76.16,83.865
90.485,176.75,185.38,173.11,349.125,383.59,359.63,76.23,80.195
90.33,177.175,189.37,172.56,353.435,392,361.545,79.255,80.28
91.145,171.205,188.605,173.985,334.865,388.005,352.26,78.855,81.28
91.29,172.875,193.85,174.015,342.765,392.94,357.265,79.095,80.56
91.19,177.42,190.275,177.235,343.515,387.21,363.385,78.1,81.125
90.3,174.125,192.45,174.915,347.525,384.395,353.045,76.49,80.575
90.545,177.73,190.21,172.835,340.84,391.845,363.535,76.22,80.755
90.115,171.725,192.54,173.555,354.87,385.1,357.58,77.015,82.65
91.14,171.52,189.665,176.555,347.505,385.205,365.87,76.775,80.23
87.865,174.73,190.6,174.27,352.67,394.14,355.53,77.92,81.325
89.01,170.445,191.095,174.91,339.175,394.6,350.61,77.465,80.565
90.55,171.705,188.53,174.46,353.615,385.9,360.38,76.17,80.995
87.605,168.95,191.38,173.27,347.98,382.815,358.36,76.515,80.8
88.71,173.825,186.05,175.36,344.73,397.675,355.285,76.77,82.67
89.415,170.945,188.19,174.5,338.905,396.33,356.365,76.04,81.015
89.885,174.37,192.84,174.47,340.935,389.395,355.47,76.96,80.1
88.545,167.54,188.08,170.885,344.275,388.325,353.835,75.965,79.98
91.18,179.835,188.755,172.39,343.9,390.285,357.77,76.15,82.555
88.35,173.47,189.38,172.44,339.77,381.505,354.22,77.785,81.6
88.645,173.685,190.335,170.44,343.86,380.035,349.34,76.905,79.96
89.3,174.34,189.775,173.02,345.015,380.695,356.73,77.265,79.82
90.13,178.69,188.81,166.94,353.165,391.115,351.35,76.465,80.425
86.72,174.335,190.51,172.105,350.055,387.555,346.69,77.145,79.485
91.505,169.03,189.09,171.82,338.565,379.435,349.045,76.545,81.135
87.08,167.475,193.445,171.33,336.975,385.05,349.155,77.595,81.23
88.455,171.525,190.785,174.79,346.875,381.225,348.89,76.93,81.15
88.89,170.915,192.34,171.095,344.835,386.325,355.96,75.06,79.645
87.735,169.095,189.055,170.925,349.775,385.02,351.825,75.97,80.455
90.06,169,188.97,172.945,341.11,387.18,353.17,75.875,81.615
87.195,173.11,187.925,169.665,334.105,394.165,350.26,78.865,78.785
89.96,169.345,187.375,171.815,336.31,377.985,357.3,75.695,81.05
89.265,164.085,189.085,172.17,335.3,386.045,356.59,79.8,80.05
88.56,168.665,190.92,171.94,344.65,381.845,358.875,76.81,81.38
88.865,165.67,187.61,171.97,341.01,392.225,351.085,76.155,78.39
87.885,167.56,190.945,169.68,339.135,387.275,354.295,76.785,83.285
88.3,166.315,190.3,170.24,336.895,386.215,358.51,77.54,80.89
88.065,165.835,189.875,170.535,334.53,379.36,348.7,76.635,82.02
89.135,169.04,189.725,170.115,339.06,388.9,346.04,76.375,80.765
86.41,167.535,187.16,169.85,328.16,382.82,347.645,76.555,79.525
87.665,166.295,187.315,176.18,332.285,387.145,350.39,79.27,80.015
88.3,168.34,190.155,171.865,338.415,392.65,350.84,77.335,80.845
88.1,168.465,190.8,170.47,330.44,384.3,349.795,77.865,79.585
87.775,168.36,188.78,168.015,339.15,381.09,351.625,79.17,79.52
87.745,169.555,187.62,167.77,343.275,377.09,347.075,74.975,77.685
88.46,163.57,193.345,171.01,336.56,377.11,349.68,75.195,79.735
88.11,166.085,189.785,171.7,346.38,388.99,344.84,77.465,79.82
87.295,166.81,186.205,171.795,331.02,382.925,346.27,78.03,80.68
85.685,167.375,188.845,172.93,334.835,380.67,346.01,77.115,79.81
87.215,167.165,191.17,169.135,333.82,390.525,348.205,77.63,80.475
88.135,165.25,187.13,170.295,329.365,387.66,348.815,76.56,80.98
89.305,167.125,184.155,171.695,336.085,381,345.645,78.18,79.565
87.72,167.315,187.535,169.225,329.38,382.415,350.3,74.72,79.46
90.655,167.95,189.785,168.43,332.975,390.875,347.075,75.47,79.555
87.805,164.58,185.8,168.72,331.47,382.975,349.655,74.74,79.62
87.39,166.535,187.465,169.945,331.945,384.55,345.215,75.45,80.305
85.6,167.475,189.645,168.99,326.665,384.27,345.375,76.485,79.935
86.9,167.415,188.47,168.805,337.55,384.325,349.455,75.855,79.61
88.51,164.105,187.155,173.155,331.435,381.29,346.625,74.72,80.65
85.515,167.315,187.27,170.39,334.23,383.405,347.155,76.95,79.85
84.79,169.325,193.185,167.615,324.8,380.53,347.705,75.38,79.85
87.075,167.14,186.06,170.89,325.66,383.045,350.65,75.555,80.01
86.41,169.23,186.05,172.525,337.24,389.655,346.465,75.015,79.79
87.9,163.255,186.635,169.335,331.65,384.59,349.01,75.075,80.005
86.835,165.5,187.96,167.42,334.825,374.505,343.245,76.43,78.57
88.855,166.275,189.62,167.115,338.015,386.7,350.91,75.845,80.445
87.54,167.095,189.83,170.11,329.34,384.86,346.42,74.215,80.545
86.695,162.6,189.84,170,323.45,385.52,346.99,75.555,81.05
88.4,167,189.325,173.8,329.44,385.135,340.995,74.475,79.855
85.825,163.46,187.2,168.1,327.38,380.365,346.305,75.14,79.43
86.685,162.985,184.27,168.73,325.06,379.705,345.82,76.975,80.02
85.84,162.605,187.82,165.655,325.295,382.795,336.825,75.935,78.765
85.915,165.48,188.12,170.1,331.94,381.96,335.105,76.165,79.22
86.835,164.755,184.55,169.19,334.25,379.815,345.965,75.91,83.085
85.745,169.08,185.41,167.44,320.17,376.33,347.81,74.31,78.815
86.865,166.305,187.575,169.44,334.76,377.76,344.355,74.145,79.485
87.925,162.255,186.26,170.635,320.21,379.48,346.52,74.34,77.595
85.34,163.965,184.445,170.285,321.98,388.17,349.46,74.505,78.85
85.9,170.905,187.56,172.01,327.12,382.52,343.235,75.95,80.175
85.1,161.92,183.55,166.445,332.955,368.78,337.785,75.43,77.555
86.02,165.885,188.505,165.63,328.9,375.315,342.98,74.86,79.33
86.225,171.98,184.695,167.425,340.81,376.19,339.03,75.05,79.46
85.21,168.195,185.14,168.875,339.385,381.24,342.36,73.99,81.06
85.165,164.905,185.87,171.285,333.645,382.945,348.935,74.425,79.795
85.615,164.91,189.56,167.945,333.07,383.025,344.95,73.51,80.125
84.845,165.33,185.92,171.04,327.825,375.265,350.45,75.07,80.35
87.83,165.785,188.755,167.445,328.375,376.615,347.22,73.455,80.6
85.54,166.81,186.51,170.335,333.36,380.3,344.435,73.425,79.795
84.87,164.46,184.37,171.36,320.21,380.7,351.755,75.885,79.315
85.905,163.695,185.47,168.17,323.87,376.515,346,74.545,79.38
85.34,163.185,188.505,168.905,327.595,373.185,350.8,76.2,78.635
85.45,160.26,185.015,166.575,319.445,373.89,344.64,74.235,77.475
87.14,163.105,185.485,166.89,320.27,379.655,348.325,74.77,78.34
83.89,168.32,188.24,167.19,319.19,378.425,342.74,73.985,79.475
86.46,165.35,186.47,166.785,329.605,379.72,339.125,74.205,78.145
86.63,165.905,182.615,167.01,323.33,373.6,342.66,73.83,78.02
86.785,163.65,184.62,169.82,315.06,378.71,338.635,72.4,79.535
85.265,162.72,185.01,169.04,322.245,376.705,346.21,73.725,80.02
84.845,166.33,185.415,166.695,325.775,373.03,351.675,73.235,77.6
85.585,165.99,183.775,167.665,327.87,379.765,342.925,75.725,79.985
86.54,162.875,188.105,166.01,321.43,376.91,338.27,73.955,78.795
86.48,165.07,186.815,169.295,325.475,380.48,337.425,74.675,79.545
86.065,164.155,185.42,169.915,321.9,379.135,339.68,71.88,78.16
85.435,163.91,185.225,165.285,326.19,383.73,342.335,74.705,79.68
86.52,163.14,191.15,165.725,307.73,376.505,335.92,73.09,80.54
84.82,158.72,186.7,169.18,316.98,373.73,340.06,75.185,80.525
85.97,164.48,185.67,164.81,328.135,376.02,333.395,73.95,78.86
85.125,166.015,184.075,167.285,322.19,375.365,344.28,74.515,80.085
83.945,159.16,188.065,169.65,317.335,375.895,340.495,73.125,79.665
85.175,165.71,181.025,169.18,323.29,377.725,343.865,74.995,79.26
86.25,163.065,188.455,169.49,321.74,377.825,341.12,74.505,79.35
86.175,164.715,185.35,170.28,322.115,378.57,340.94,74.13,79.64
84.83,163.375,187.955,167.51,324.815,370.24,344.71,76.765,80.33
87.15,163.085,187.12,166.005,322.09,375.455,335.865,74.015,79.4
85.515,163.83,186.655,167.585,319.485,370.92,333.2,73.97,78.66
84.71,165.615,186.17,167.215,323.44,381.615,339.935,74.42,79.68
85.315,159.09,186.16,165.49,324.495,368.745,337.95,75.37,80.01
82.72,161.835,185.74,166.95,325.43,387.375,329.32,76,79.68
84.48,161.6,185.6,169.36,320.56,385.03,337.02,73.915,80.29
84,162.09,184.48,166.805,312.49,378.2,342.72,75.79,79.55
86.12,168.805,185.025,167.585,329.3,385.48,340.48,74.45,79.235
85.45,157.865,184.825,166.215,323.415,378.245,338.7,73.39,79.295
85.2,159.285,189.41,167.15,321.415,375.005,339.83,74.405,78.045
84.2,165.55,186.99,168.325,327,381.765,341.005,74.125,77.535
85.15,160.195,183.575,169.46,324.035,365.475,341.39,73.25,80.29
82.95,162.7,187.735,169.865,326.4,377.655,338.71,75.57,79.84
86.945,157.92,187.065,168.13,315.33,381.805,336.83,72.17,79.625
81.985,159.035,181.94,168.34,314.705,381.16,339.695,73.365,78.68
82.06,158.935,185.22,166.16,323.385,371.37,346.325,72.53,78.47
83.535,159.91,182.235,169.05,311.99,378.825,331.125,72.455,80.605
83.4,160.36,181.385,170.125,324.44,378.435,334.075,74.055,80.45
83.945,159.685,182.975,168.015,317.715,365.44,339.565,73.105,79.385
82.335,159.715,182.6,163.09,316.1,379.865,341.71,74.76,77.35
84.005,159.19,181.46,166.925,325.29,377.485,335.845,72.77,78.46
84.69,161.525,184.4,169.11,321.275,384.53,337.07,74.38,78.015
85.255,159.3,183.89,164.8,320.715,380.615,336.055,73.045,79.545
83.71,161.78,187.395,165.3,316.575,370.52,341.215,74.775,79.77
85.235,158.865,186.84,165.175,323.77,379.925,335.8,75.96,79.28
83.765,157.235,186.135,167.51,317.375,369.785,335.405,73.725,80.3
83.655,161.345,187.38,167.27,320.115,376.11,340.595,74.01,78.275
82.75,161.62,184.76,170.395,320.095,376.93,338.86,73.6,78.505
84.085,163.75,183.21,164.62,318.555,372.88,337.405,74.12,77.865
82.87,157.125,186.455,169.06,322.395,372.795,336.07,73.255,77.4
83.025,158.81,182.335,168.22,325.19,373.085,335.545,74.135,78.81
83.72,154.62,183.615,166.06,309.925,376.25,337.755,72.79,78.06
82.635,158.655,183.795,170.03,319.805,375.8,332.995,74.905,77.885
82.185,160.61,185.08,166.075,316.82,369.745,339.93,73.27,79.43
83.215,157.395,186.05,166.11,314.855,376.735,335.13,73.11,77.93
82.72,158.555,183.105,164.67,315.06,380.925,334.325,74.685,79.84
84.37,159.455,185.97,166.185,329.325,370.965,338.005,72.52,76.215
82.66,160.1,183.875,170.12,327.11,372.57,337.18,72.875,78.385
82.81,160.035,187.225,167.435,317.795,374.625,340.86,73.555,78.245
83.115,162.35,184.25,167.225,314.445,370.035,325.335,75.025,78.08
84.365,159.265,183.51,167.025,324.44,368.835,344.045,74.125,77.605
83.8,157.23,180.91,165.55,324.74,378.75,335.845,73.095,78.065
84.205,162.865,184.265,165.655,314.375,377.225,333.325,73.78,79.14
81.515,159.52,184.825,167.405,312.4,376.255,338.27,71.115,79.695
82.275,158.42,183.675,168.395,308.53,375.27,331.83,71.56,77.185
82.18,155.995,181.22,164.11,312.435,377.79,336.755,72.385,79.72
81.675,156.785,182.08,163.39,314.55,379.51,337.795,72.555,78.155
82.945,158.92,182.97,165.645,309.955,374.82,337.855,73.385,78.215
81.135,157.935,180.675,169.645,314.77,376.04,326.485,72.745,79.57
82.245,160.14,182.095,165.95,324.95,386.185,332.665,71.205,78.83
82.305,159.73,182.06,168.205,320.84,371.695,333.945,72.01,78.445
82.7,162.775,180.48,167.9,321.22,371.645,333.705,72.265,77.68
83.33,160.66,181.02,167.775,321.83,379.305,337.725,72.48,78.435
81.95,161.795,184.22,166.04,320.105,377.05,334.4,72.81,77.275
82.87,158.235,180.19,165.24,320.62,375.085,331.2,71.32,77.165
81.21,160.99,181.49,166.895,315.29,378.17,338.78,70.72,78.225
82.165,159.26,184.845,168.145,308.89,376.91,336.74,73.39,77.475
82.645,157.55,183.49,166.015,309.44,376.8,332.15,71.415,77.155
82.445,162.81,182.905,166.51,308.455,372.045,338.42,72.38,78.47
81.34,162.495,179.96,165.545,311.265,366.675,333.305,73.205,79.035
81.72,157.3,182.16,164.53,319.105,373.475,337.83,72.165,79.32
81.26,160.735,182.78,163.19,313.695,374.57,338.17,73.335,78.825
81.815,161.835,180.715,164.36,314.075,366.51,336.15,71.82,76.8
81.71,162.36,182.8,166.825,311.72,367.14,328.775,72.435,78.015
82.52,156.94,181.465,164.49,311.37,370.375,333.94,74.71,80.135
81.525,156.325,180.265,164.32,313.535,370.8,339.57,70.525,77.065
81.31,162.09,183.01,164.565,312.02,385.59,336.505,72.525,78.245
80.5,158.645,181.52,167.025,318.945,376.545,335.24,71.24,78.96
80.58,164.615,181.525,167.695,314.5,370.925,335.83,71.565,78.44
80.755,155.665,181.09,166.75,314.995,367.8,333.875,72.68,77.435
81.66,160.67,183.285,166.47,316.99,370.06,337.56,72.765,77.6
80.615,159.355,182.975,168.525,310.89,369.055,333.71,73,78.35
82.795,158.835,181.71,165.555,315.75,371.32,325.945,72.265,77.49
82.67,161.12,183.835,166.39,309.675,369.935,333.17,73.315,77.825
81.69,158.375,182.825,167.4,314.1,368.09,332.675,72.375,79.555
79.255,159.91,182.015,166.34,310.715,372.7,326.245,72.495,78.105
82.79,158.385,184.94,163.55,313.07,370.43,338.85,73.2,78.18
80.55,157.605,181.225,165.87,314.67,374.045,326.78,72.06,78.025
81.275,158.74,180.705,165.665,319.225,379.06,331.945,72.29,78.54
80.34,159.87,179.345,165.255,319.115,373.46,338.51,71.1,77.25
81.28,160.915,179.355,164.525,316.995,366.02,338.57,71.58,77.835
81.285,157.555,181.025,169.205,322.95,370.345,339.71,70.8,78.28
81.435,159.095,182.815,166.175,313.965,375.715,333.935,71.82,77.795
81.42,156.935,181.96,168.07,312.725,365.765,333.525,72.05,77.995
80.355,157.21,181.22,169.29,311.88,366.865,327.855,73.13,77.005
82.87,155.3,178.825,167.415,300.695,380.16,335.78,71.84,76.155
79.725,158.775,181.59,168.275,314.915,371.54,326.175,71.76,78.355
81.72,156.765,182.815,167.005,311.39,369.17,341.585,71.94,79.66
81.775,159.25,184.255,165.78,314.77,378.24,330.28,71.65,76.47
80.715,157.735,180.4,163.555,314.16,373.525,331.685,70.785,77.56
80.95,155.18,181.3,163.99,309.175,374.575,327.29,71.725,76.905
80.73,157.225,177.915,165.065,319.52,366.695,325.055,72.55,76.04
80.395,158.475,180.995,163.25,313.76,370.6,330.515,72.41,78.385
81.525,157.91,183.295,164.415,313.725,371.785,335.67,71.32,77.575
81.26,160.455,180.485,161.14,308.78,369.305,320.635,72.505,77.515
80.645,160.685,180.24,163.345,314.17,373.695,328.525,71.97,76.67
80.315,158.095,181.53,168.815,317.945,372.78,329.79,70.775,79
81.96,159.345,178.935,160.975,309.83,372.96,328.84,72.395,78.035
82.005,159.45,181.7,163.545,308.755,371.28,331.055,70.565,77.405
80.565,153.48,182.92,164.42,306.79,369.28,330.435,70.72,77.02
81.555,159.06,182.225,163.23,306.485,371.145,320.115,69.795,77.24
79.265,159.275,178.66,161.91,307.56,369.055,327.62,71.795,78.13
79.65,158.88,180.005,166.295,311.18,366.585,337.24,70.925,76.98
81.09,164.3,180.045,165.19,303.76,368.655,334.955,72.19,76.64
80.105,159.475,180.745,163.615,312.425,370.5,333.91,71.62,78.225
82.555,158.6,180.9,163.645,313.525,367.285,335.7,71.14,79.215
80.97,161.675,177.1,163.33,322.48,368.475,333.345,70.365,77.45
81.365,158.725,178.23,162.48,298.855,366.47,323.61,71.54,77.475
80.125,156.24,177.85,168.58,308.885,369.945,330.495,70.795,78.225
78.48,159.345,179.755,165.87,312.245,364.68,330.215,71.75,78.26
79.565,158.785,183.36,164.17,316.66,367.23,331.02,70.92,77.535
81.745,159.05,181.31,162.86,305.74,368.98,336.15,72.455,77.25
79.63,158.52,183.225,165.16,316.465,364.32,330.17,73.08,77.1
79.595,156.09,180.01,165.025,314.525,363.355,327.825,69.84,76.65
84.16,158.435,181.72,164.945,314.065,371.295,329.295,70.335,76.995
80.01,158.695,180.72,164.34,308.11,368.17,331.265,70.48,76.295
79.09,159.325,184.135,163.83,305.57,373.48,323.755,71.23,76.605
80.815,162.025,180.845,164.375,312.495,363.525,331.945,70.465,76.345
79.025,158.065,178.64,161.74,299.66,359.04,333.445,71.9,76.39
79.63,159.58,179.225,162.725,303.485,365.01,328.48,73.71,78.02
79.53,154.785,179.815,167.375,311.445,372.145,327.96,71.975,77.32
79.255,159.5,179.88,161.35,300.225,365.4,326.405,70.52,78.475
79.225,159.41,182.08,164.36,302.65,366.8,331.855,70.46,77.165
79.81,155.67,182.06,164.1,309.275,367.73,331.07,69.485,77.92
81.12,153.17,182.87,165.455,316.11,363.43,326.52,72.11,76.41
80.47,159.575,176.8,160.685,310.905,370.57,331.095,69.92,78.26
82.17,158.645,180,163.17,301.89,364.415,329.385,71.315,77.455
78.88,157.72,179.2,164.525,302.61,367.94,331.76,71.35,77.035
79.335,154.195,183.68,162.41,312.05,370.26,336.185,71.125,77.805
79.79,153.6,179.295,163.565,305.495,365.775,333.395,69.195,77.99
80.395,157.58,181.2,161.455,306.195,369.605,326.38,69.28,76.93
78.805,157.465,181.51,165.94,303.3,364,331.2,70.155,78.515
78.345,153.445,183.475,165.55,307.59,374.845,326.685,69.875,76.88
79.975,153.55,177.29,162.535,306.51,363.975,335.09,68.6,76.375
78.97,154.045,177.2,164.33,300.92,373.465,328.65,70.48,76.205
79.905,152.355,178.725,163.535,303.265,367.84,330.605,70.91,77.6
79.6,155.26,177.05,161.825,312.1,365.43,331.52,71.675,77.365
80.94,155.61,178.845,160.89,306.27,371.855,326.05,70.33,75.99
78.58,153.98,181.36,163.97,312.25,372.23,330.9,72.26,75.745
78.995,156.395,180.405,164.33,308.295,366.975,332.075,70.935,77.98
80.255,156.615,180.86,161.965,305.205,370.14,325.025,72.37,77.975
79.52,154.725,179.86,163.2,315.33,358.055,327.97,72.94,78.165
79.405,153.82,178.05,162.445,310.66,369.95,332.56,72.565,77.74
80.19,155.055,178.595,164.68,314.125,367.785,327.665,69.69,76.275
80.075,151.655,179.285,164.355,306.5,367.765,334.35,72.19,76.57
80.625,151.935,179.25,161.155,305.655,359.255,333.13,70.91,76.265
80.39,154.835,180.145,162.44,306.605,364.46,338.045,70.79,76.905
79.31,156.005,180.175,166.525,302.32,368.98,328.37,71.4,78.605
79.63,155.885,181.47,165.8,300.37,365.315,331.465,71.03,77.28
79.405,154.49,178.795,164.39,301.46,368.755,330.985,70.795,77.415
78.51,153.185,175.15,163.94,302.5,363.655,323.795,72.355,77.09
79.97,153.46,180.355,162.91,303.685,359.745,322.66,70.655,75.945
79.995,154.505,174.3,158.795,307.05,367.235,330.99,71.81,75.685
78.825,151.545,178.235,164.88,306.925,362.385,325.805,70.235,77.455
79.225,153.7,181.14,164.17,301.225,370.55,328.11,71.715,75.925
79.43,154.335,178.38,165.375,302.56,367.835,327.01,71.45,78.08
78.17,156.46,179.025,166.34,305.74,375.055,325.365,70.795,76.06
78.535,154.14,176.775,162.345,303.445,362.82,334.03,71.855,76.94
79.115,154.485,178.29,161.855,308.385,368.93,324.75,70.455,77.635
79.685,149.76,178.83,166.385,314.185,368.585,325.44,70.165,75.99
79.02,152.055,182.545,162.295,307.155,358.575,330.705,72.195,76.27
79.735,155.045,177.565,166.785,299.495,363.88,324.975,70.23,78.66
81.24,157.27,178.965,162.9,304.86,366.73,330.47,71.82,78.345
78.825,156.29,176.895,161.5,305.025,364.745,324.13,69.845,78.29
78.765,155.605,181.355,163.735,306.575,363.37,325.04,68.99,78.715
79.74,155.04,179.815,163.905,300.04,364.07,326.795,70.36,75.545
77.91,155.75,180.175,163.885,301.985,366.395,329.49,67.905,76.555
77.81,152.695,179.875,159.665,304.42,361.6,325.82,70.945,76.37
76.48,154.465,175.15,161.595,313.11,370.23,331.325,69.69,77.685
78.805,149.76,176.54,162.895,314.765,365.985,328.26,71.32,76.15
77.99,153.4,177.165,164.19,303.615,364.985,329.46,69.17,76.61
78.56,150.86,177.815,161.145,309.515,373.175,325.985,70.185,77.53
79.285,151.115,179.09,163.57,309.165,368.64,328.565,72.545,76.475
81.17,153.23,178.505,162.015,308.28,367.275,326.07,71.26,75.215
77.39,154.5,178.945,158.23,304.87,360.685,327.56,71.21,75.98
79.125,158.905,181.81,162.385,307.745,375.29,325.25,73.125,77.07
78.965,152.825,179.805,164.84,301.825,367.545,327.23,71.265,76.03
78.795,159.165,178.255,163.22,309.91,367.01,324.1,72.585,76.08
79.16,152.825,177.385,163.7,303.29,366.3,325.135,71.645,76.185
78.58,155.35,175.41,161.17,299.485,368.64,323.01,71.58,75.82
78.26,150.58,176.07,161.925,308.595,365.565,329.025,72.185,76.18
77.79,150.535,179.995,162.67,301.41,367.7,321.72,70.105,76.075
78.7,150.725,179.91,161.16,305.035,369.465,319.32,71.005,75.075
78.67,154.055,176.525,164.375,301.05,364.625,319.95,70.065,76.52
79.875,149.225,182.075,162.955,313.265,358.315,329.505,69.86,77.175
77.15,149.735,176.83,161.995,304.295,361.1,323.95,71.83,76.42
76.91,149.865,179.24,162.59,304.57,363.39,323.87,71.285,77.35
78.615,151.98,175.24,164.275,298.305,364.365,324.705,70.335,76.885
77.065,154.62,177.705,161.905,306.275,372.145,323.99,70.285,77.105
79.135,154.495,176.785,161.985,309.82,365.855,321.27,71.295,77.805
78.49,157.825,179.665,163.21,303.145,360.015,326.095,72.145,76.855
78.11,153.96,175.55,165.12,304.685,365.39,330.71,70.945,75.72
76.42,152.855,177.77,162.525,299.705,370.795,323.87,70.52,75.71
77.315,152.29,173.83,159.675,297.675,370.275,327.625,69.62,76.505
78.04,150.69,178.77,161.97,305.59,359.895,329.275,70.68,75.18
78.495,152.585,172.825,159.815,303.165,361.62,321.375,70.75,75.775
76.385,150.51,176.125,162.12,304.595,363.595,325.01,70.66,76.43
78.135,153.295,176.63,163.975,300.46,368.38,325.385,69.125,75.39
78.01,151.315,178.425,158.675,298.655,366.735,322.175,72.59,75.6
77.27,149.76,179.275,162.93,301.63,361.845,323.115,69.63,75.785
78.515,152.605,178.55,167.86,300.745,365.31,327.05,70.135,75.605
77.935,155.415,178.395,161.76,306.21,368.79,328.41,69.445,76.86
79.345,155.72,176.31,159.96,301.05,356.375,326.315,70.495,77.73
77.44,155.385,176.84,160.305,316.125,360.245,317.6,69.045,77.135
77.665,152.875,176.625,161.205,312.345,365.2,317.355,71.705,76.87
77.36,149.605,175.775,160.375,302.065,363.085,321.79,69.515,77.355
77.37,156.02,176.175,161.94,306.445,358.725,323.08,70.645,75.3
76.67,149.705,174.97,159.485,304.43,365.165,326.66,70.48,76.71
77.255,150.065,176.235,158.42,305.81,366.19,325.39,69.5,77.1
77.98,150.275,178.445,162.52,305.425,361.92,318.4,69.14,79.485
76.03,151.95,176.58,164.855,301.345,357.4,324.165,70.1,77.61
76.275,149.23,174.46,162.785,309.365,373.685,326.795,70.295,74.17
75.985,150.97,174.64,162.745,302.845,361.725,322.61,69.79,75.625
78.41,151.605,178.905,160.375,307.415,368.36,325.095,69.39,75.93
76.87,152.025,176.355,163.6,307.345,368.825,323.045,71.535,76.22
78.015,155.065,176.215,161.44,299.865,361.92,327.24,70.365,77.32
76.7,153.025,176.205,159.46,299.3,364.905,324.19,70.02,76.97
78.735,148.685,173.46,164.77,299.905,362.65,326.65,70.43,75.3
76.45,151.505,173.87,161.75,299.815,358.63,325.685,69.06,76.235
76.875,150.845,178.39,163.51,300.695,361.15,321.16,71.28,75.745
76.235,147.7,175.8,163.24,300.32,364.645,325.15,70.515,76.765
76.39,150.36,178.46,162.995,311.095,360.055,325.37,70.975,76.39
76.58,154.585,178.175,160.73,304.24,360.2,319.92,69.99,73.615
76.83,152.5,176.775,157.78,301.375,358.835,327.295,69.86,75.705
76.705,150.49,175.11,159.965,299.245,363.4,319.675,70.005,74.795
77.69,148.97,172.775,162.505,308.145,361.345,319.36,70.245,77.345
77.575,148.31,175.745,160.525,310.015,361.29,314.655,68.655,75.82
78.795,150.72,178.355,158.855,302.815,368.36,323.685,69.12,75.695
77.435,147.755,176.22,159.95,306.18,363.48,315.595,69.62,74.745
78.385,148.27,177.84,163.68,304.93,363.185,322.14,69.67,75.825
77.455,152.335,176.165,162.29,299.46,364.9,319.885,71.245,78.05
76.285,151.705,176.865,163.185,297.195,362.93,322.815,70.91,76.56
77.03,151.105,176.63,160.86,307.9,365.325,323.4,68.33,75.76
75.26,152.405,176.345,164.165,307.445,365.255,322.93,69.935,79.03
77.05,154.68,175.335,161.095,303.555,365.325,321.95,69.86,76.22
77.42,151.255,178.705,162.375,300.77,357.305,317.985,69.145,76.75
75.515,148.68,177.315,162.7,303.71,361.335,320.12,70.945,75.93
75.465,151.15,176.155,160.065,296.585,353.905,321.1,69.785,76.305
75.9,149.555,173.805,162.47,301.605,364.13,325.61,71.105,76.01
75.87,148.615,176,160.7,301.89,357.48,314.005,69.79,77.575
76.255,149.66,177.695,161.855,303.615,361.61,328.59,68.92,75.845
76.595,151.345,175.01,161.495,297.035,361.915,319.66,70.53,74.465
75.93,151.11,174.335,165.02,304.96,361.05,317.755,70.785,76.145
75.22,146.585,173.12,164.295,293.825,364.015,321.58,69.795,74.115
75.77,153.845,177.335,158.66,303.445,370.22,320.85,69.085,75.63
76.19,151.025,176.135,158.875,303.775,366.49,327.26,67.13,74.55
76.16,148.535,173.045,164.56,297.575,360.965,321.015,68.19,75.375
77.04,150.72,175.755,163.57,295.64,366.345,320.37,69.1,74.535
77.54,150.16,175.17,161.825,294.79,363.095,320.635,69.715,74.415
77.955,153.28,176.195,162.36,297.14,361.4,314.9,70.02,74.88
76.15,152.79,174.53,159.945,303.12,361.375,314.84,69.875,76.385
74.815,148.53,177.385,162.095,301.95,357.955,322.275,68.145,74.62
77.95,146.03,173.42,160.235,300.51,359.12,324.385,68.8,76.07
76.61,146.735,175.09,159.2,300.235,363.415,322.165,69.43,75.135
76.82,146.765,176.64,160.75,310.525,360.065,320.09,69.035,75.445
74.965,148.47,174.25,162.295,298.58,357.41,320.55,67.91,75.29
76.975,152.42,177.28,161.295,301.63,366.385,318.205,69.685,75.1
75.96,148.835,177.115,162.545,292.83,360.61,319.855,70.325,73.655
75.825,151.455,177.345,158.865,296.495,357.58,326.945,68.885,76.63
76.035,150.425,177.3,160.2,304.04,359.53,319.26,68.53,75.125
75.71,147.325,174.45,160,307.725,356.955,324.96,68.625,73.585
76.535,150.445,171.335,161.635,307.985,364.42,325.95,69.775,76.97
75.36,147.2,174.63,161.435,304.045,370.995,323.16,69.755,75.35
76.995,148.98,175.005,162.2,299.82,361.585,318.645,69.645,75.035
76.39,149.93,173.87,160.715,305.275,363.49,323.875,69.855,75.39
75.41,149.94,178.67,160.19,306.67,361.425,320.675,67.67,76.755
75.975,149.09,174.795,161.875,299.465,362.985,323.965,68.375,76.465
75.7,147.395,172.845,160.54,298.595,359.99,322.14,69.1,74.94
74.345,149.205,174.28,161.08,297.715,365.935,326.89,69.755,75.465
75.725,152.165,174.79,158.685,299.545,362.635,322.18,69.67,75.5
75.395,149.165,174.62,159.965,298.325,363.815,321.04,67.975,75.68
76.775,146.65,173.83,162.155,298.265,357.785,325.315,69.19,74.45
75.21,150.1,177.885,161.415,295.125,356.315,320.51,67.05,76.16
75.075,149.795,174.835,160.455,299.625,356.265,312.965,68.595,76.375
75.935,150.935,174.57,159.43,309.57,361.045,318.39,69.86,75.035
76.56,149.895,178.08,157.34,304,354.45,320.975,69.285,76.27
76.96,150.765,174.085,160.32,304.28,359.265,321.285,69.455,74.815
73.985,149.355,171.245,161.32,296.075,355.85,321.79,70.045,75.02
77.315,148.82,175.26,160.145,302.645,353.29,320.455,68.985,75.21
76.44,150.12,172.015,163.85,299.87,365.2,322.64,69.575,76.535
75.69,146.605,174.185,163.105,299.94,357.245,315.19,69.55,73.275
75.715,148.085,176.73,156.88,296.18,359.435,318.115,68.28,75.165
75.185,146.955,174.425,160.745,305.18,363.12,325.9,67.96,75.245
74.385,149.06,173.165,160.91,308.015,364.45,316.11,68.885,75.33
74.07,150.455,174.085,161.055,298.62,356.915,325.585,70.085,74.175
74.875,145.495,173.74,159.83,299.37,362.28,317.985,69.245,75.18
76.835,149.29,175.245,160.525,296.405,356.31,317.38,68.45,74.68
74.93,148.765,174.885,160.155,301.65,361.38,326.895,67.62,75.835
73.725,150.175,176.24,162,299.58,357.095,324.015,68.35,75.025
75.025,148.175,174.72,158.56,288.065,357.73,317.425,68.855,75.37
74.225,148.865,171.22,161.005,302.07,353.345,325.205,69.05,74.825
76.395,150.36,173.895,160.32,297.43,360.145,323.23,68.86,74.15
75.69,150.325,176,161.925,303.535,372.01,333.415,69.59,74.97
76.055,147.27,176.53,164.05,305.56,354.015,325.41,69.24,74.82
73.965,146.885,174.65,160.275,295.765,357.625,325.76,67.605,74.125
75.92,147.43,172.545,158.375,292.845,360.525,324.47,67.74,74.96
76.01,151.42,173.525,162.49,303.355,358.305,329.84,68.17,75.1
75.175,148.2,172.265,159.135,294.425,354.8,327.165,68.345,75.565
73.8,146.545,175.22,160.62,294.775,358.275,322.33,67.575,73.84
74.845,151.03,173.03,157.51,301.805,355.465,325.82,68.3,75.71
74.71,148.965,172.815,158.415,295,364.415,325.125,69.6,75.605
75.345,148.58,173.23,157.87,293.035,363.555,324.45,68.34,74.775
74.32,148.095,172.67,158.13,291.25,359.355,326.23,68.97,74.755
75.535,149.53,173.155,158.685,296.11,361.85,322.57,67.725,75.675
75.99,151.45,174.14,161.01,305.64,358.8,330.06,68.515,73.6
75.47,146.36,170.19,163,296.82,358.985,326.015,67.97,75.155
75.61,150.325,173.745,160.17,299.535,355.365,321.595,68.71,74
75.93,147.06,174.78,160.85,300.45,353.49,323.44,68.91,73.705
74.805,154.495,174.44,160.76,299.455,358.935,317.195,69.445,74.97
74.895,148.25,171.12,155.84,296.94,366.135,317.19,69.595,76.15
74.85,145.655,175.81,158.885,292.59,364.915,315.615,68.8,75.89
75.7,148.555,173.58,160.775,300.35,365.445,319.265,68.38,75.35
75.355,146.935,175.03,160.665,298.825,358.44,313.7,67.885,74.795
76.14,147.105,173.445,159.485,298.2,366.77,316.51,68.46,75.16
74.13,144.02,170.45,164.48,296.735,362.82,316.56,69.065,75.48
74.085,145.6,171.685,157.8,292.87,364.825,314.435,68.17,74.59
74.21,151.02,174.91,158.61,293.25,354.51,323.255,69.88,77.22
75.1,152.39,171.76,159.435,292.675,359.765,317.55,67.925,74
75.72,146.465,172.525,157.885,291,355.81,322.99,67.835,75.365
75.08,143.62,175.29,159.72,298.12,364.48,316.96,69.33,74.21
75.855,150.73,174.515,161.94,304.85,355.975,316.755,68.13,73.2
74.17,150.135,173.705,164.39,295.09,361.725,323.01,68.37,75.595
74.59,146.215,172.62,160.405,298.915,359.93,319.89,70.49,74.545
75.11,149.94,173.485,159.815,305.745,359.845,320.695,68.245,75.455
74.255,148.3,171.01,158.725,296.82,357.26,318.855,69.535,74.615
75.09,149.865,172.655,156.15,297.72,361.395,322.505,68.175,73.46
73.985,147.86,172.465,157.905,296.415,363.23,323.49,68.045,76.525
75.905,147.045,170.445,161.795,297.555,361.64,317.345,67.825,74.785
75.93,145.585,171.955,160.41,296.045,357.15,314.17,67.75,74.97
75.745,149.98,173.585,161.33,298.065,358.73,325.48,68.595,75.36
73.75,148.95,172.3,160.775,296.55,356.385,326.99,68.255,75.54
73.255,145.745,169.73,158.335,294.285,361.12,322.345,68.87,75.025
74.08,144.34,171.925,155.25,297.875,361.76,317.255,67.675,74.395
75.63,148.18,174.73,161.165,291.56,360.42,317.89,67.325,74.285
74.195,152.18,173.145,161.345,288.055,356.265,321.83,68.61,74.275
74.415,146.415,174.74,155.96,300.32,357.57,316.93,67.48,74.04
74.21,144.79,173.465,159.175,299.31,362.725,320.79,68.655,76.055
74.51,147.33,172.4,160.335,295.16,362.18,319.09,68.125,74.56
72.15,147.035,174.15,157.65,300.04,365.97,314.48,69.99,73.27
72.26,144.155,175.59,159.575,292.875,355.02,318.37,67.895,73.11
73.735,147.48,171.205,158.47,296.675,360.545,313.05,67.7,72.78
74.865,146.54,173.41,160.66,299.09,355.35,319.15,68.305,74.6
73.57,145.67,176.005,156.635,294.73,360.535,317.635,68.45,73.565
73.93,147.03,173.57,159.595,297.005,356.87,316.965,68.93,74.41
74.125,146.965,171.245,159.22,298.675,358.89,314.07,66.81,73.125
73.805,148.975,173.105,159.265,290.545,355.985,315.875,67.13,74.525
74.775,146.75,172.925,155.805,289.83,359.28,320.16,69.15,73.72
72.885,147.665,175,158.325,292.39,357.505,312.14,67.875,75.555
73.405,148.39,169.53,156.29,294.66,349.68,314.31,67.615,74.43
72.905,145.05,173.01,154.965,296.775,353.82,310.735,66.215,74.57
73.975,147.865,172.235,159.815,303.515,359.515,323.735,67.52,73.73
74.86,147.29,171.775,158.84,283.55,362.225,318.76,68.825,75.535
73.465,144.545,172.72,156.38,291.625,355.21,311.56,69.285,74.475
73.85,150.58,169.315,158.21,291.65,351.305,318.435,68.795,75.13
74.135,147.795,168.47,157.605,300.01,362.175,315.605,68.01,75.68
73.145,145.33,172.105,156.535,291.53,352.425,314.045,66.32,74.135
73.41,144.435,171.89,158.46,291.685,359.85,306.58,68.76,75.26
72.505,146.1,170.31,156.885,304.33,364.68,310.71,67.615,73.92
73.185,144.73,171.66,156.56,298.59,366.145,317.305,67.33,74.225
73.28,145.56,171.955,159.18,297.025,358.485,320.765,68.44,75.26
71.89,147.42,172.285,157.245,296.265,361.4,316.595,67.42,73.64
72.89,141.915,172.68,158.51,289.855,357.995,319.425,67.105,74.39
73.65,148.115,169.65,155.345,295.415,355.91,320.045,68.11,75.735
72.83,145,171.59,158.135,292.32,355.535,318.47,67.98,73.85
73.615,148.08,172.01,157.165,296.835,356.415,307.475,67.495,73.905
74.775,144.79,169.205,156.86,291.995,354.71,319.25,67.37,73
74.705,145.365,170.13,159.365,291.855,358.735,311.335,67.91,73.205
74.25,146.955,170.23,159.245,291.055,362.18,320.7,67.05,74.65
72.465,148.09,170.155,156.375,298.255,360.815,313.975,67.55,74.535
72.435,144.895,170.765,157.88,303.76,357.775,313.645,68.765,74.845
72.555,146.51,170.425,158.2,298.64,358.535,312.64,68.73,73.975
73.38,148.92,170.285,160.075,297.67,363.43,324.65,67.235,74.435
73.78,145.345,169.15,156.675,302.84,361.43,317.875,68.205,75.18
72.86,143.75,171.935,156.28,286.97,359.045,309.675,66.255,73.805
72.205,143.905,172.155,157.01,295.17,362.555,309.21,67.905,74.855
72.005,149.33,172.155,158.565,296.39,361.215,321.055,67.485,74.67
73.445,145.735,173.695,156.78,291.06,353.93,316.535,69.06,76.095
72.47,143.02,169.22,155.495,286.67,353.19,315.19,67.955,74.63
73.015,145.545,170.435,158.48,292.135,350.495,319.09,67.78,74.075
74.67,145.465,172.4,158.89,296.265,355.005,316.485,67.095,72.92
72.26,145.455,170.44,156.33,289.805,361.89,318.355,66.925,75.05
73.175,145.55,169.315,156.69,293.405,355.94,319.155,66.935,73.86
72.765,145.65,169.385,161.42,297.605,357.675,320.63,67.63,73.17
73.685,144.255,172.645,160.18,298.86,355.315,313.84,68.045,75.195
72.325,146.605,170.32,158.745,288.315,358.31,318.99,67.015,75.52
71.82,146.33,170.535,156.96,286.645,354.475,320.775,67.21,72.875
71.15,142.395,169.89,155.1,292.325,360.9,324.245,67.375,73.715
72.715,144.175,173,155.615,296.655,357.16,315.82,67.575,74.675
73.79,145.08,170.91,156.29,290.38,361.72,316.485,67.04,74.64
74.14,144.265,169.725,156.365,290.56,356.515,320.385,67.93,74.845
73.535,146.235,171.96,156.17,291.135,358.195,322.13,66.79,75.81
73.02,146.39,170.2,155.4,287.03,357.72,315.3,67.885,76.28
72.485,146.97,169.195,157.165,291.75,363.685,314.835,68.345,75.375
74.05,145.745,169.06,160.76,290.94,356.415,309.04,68.04,73.515
72.5,142.725,172.34,157.41,294.045,355.715,314.46,68.01,72.685
71.285,141.605,171.81,157.84,292.195,349.845,310.33,68.18,73.945
71.755,143.315,167.75,157.81,298.43,356.82,317.905,69.55,75.48
72.78,145.33,170.49,158.11,301.4,358.745,314.88,67.665,74.345
72.705,143.385,168.545,153.28,295.935,353.275,309.68,67.31,73.355
72.775,141.495,167.045,157.155,294.18,353.91,317.11,67.805,75.51
71.24,143.755,166.81,157.11,298.46,360.38,321.845,67.575,74.805
73.22,141.405,171.69,160.54,298.615,359.13,316.255,66.47,73.675
72.775,140.9,171.56,161.25,293.87,352.495,315.03,67.55,74.475
72.525,148.17,171.26,156.95,298.12,355.38,313.93,68.235,73.355
72.48,146.265,170.82,155.585,294.405,358.895,317.855,66.995,75.115
71.815,143.615,171.33,155.535,296.35,356.66,312.025,67.91,74.63
71.65,141.73,170.06,156.465,293.84,359.53,313.225,69.925,74.765
71.21,144.775,170.66,157.68,293.94,356.79,315.89,66.98,73.03
72.39,147.03,169.47,155.27,293.305,360.405,314.96,65.64,73.195
72.795,147.41,169.725,157.875,294.8,357.4,314.245,66.325,73.81
72.495,144.085,166.65,156.985,291.72,360.205,313.95,66.23,73.855
73.66,142.83,168.805,158.6,295.28,356.19,315.22,66.84,73.83
72.535,144.315,168.255,159.03,293.905,362.48,311.59,65.905,73.945
72.53,142.66,170.775,155.12,300.3,355.655,320.525,66.27,74.935
72.405,143.94,170.48,157.73,290.055,355.37,315.835,65.69,73.705
72.15,148.04,172.935,156.665,293.2,352.42,310.36,66.705,71.93
72.31,143.865,172.75,158.89,290.275,362.68,323.285,68.8,73.35
71.79,141.775,170.94,160.715,291.53,355.605,318.815,65.425,74.5
71.58,144.975,170.805,157.11,291.365,357.81,308.39,66.805,74.045
72.185,144.81,169.985,157.585,289.305,352.77,307.995,67.63,72.415
70.96,145.64,173.285,158.24,292.79,358.295,312.03,68.96,73.4
72.93,146.27,172.085,158.265,292.22,352.785,316.41,66.695,74.76
70.395,145.46,169,154.165,293.09,356.065,319.7,68.52,74.155
71.015,143.98,170.025,157.695,292.14,355.295,307.475,68.11,72.765
72.4,142.075,168.445,156.32,285.31,357.395,309.725,68.47,75.65
71.715,144.365,168.075,155.635,291.17,358.225,313.01,67.965,74.675
72.465,147.35,170.985,153.025,292.895,358.725,312.505,67.855,74.78
73.665,145.165,167.295,157.855,288.93,357.06,318.17,66.87,74.305
73.155,146.235,169.31,156.275,287.205,359.115,317.9,65.73,76.5
74.68,143.65,169.665,157.17,286.37,364.94,310.845,66.66,74.995
73.64,145.085,170.71,157.445,286.79,362.175,312.82,65.705,72.71
73.73,143.52,171.205,157.845,296.645,365.625,318.815,66.705,72.13
75.3,143.205,168.03,156.91,289.65,357.665,316.255,68.565,75.115
73.51,144.07,171.455,159.64,299.235,353.39,320.165,67.485,75.06
73.725,148.14,171.75,159.17,292.36,358.445,320.13,66.44,74.145
73.775,144.89,170.33,157.32,295.85,363.46,320.08,66.12,75.575
74.63,144.275,171.87,159.225,292.675,364.355,318.235,65.625,74.535
74.68,148.055,171.11,154.81,295.86,360.6,315.25,66.37,74.335
75.075,147.34,169.305,159.35,290.005,363.16,319.855,66.945,73.875
73.845,146.63,172.97,157.27,284.17,361.805,325.74,67.04,74.82
72.875,145.06,172.81,160.325,292.56,364.18,318.625,65.58,73.74
73.34,145.305,170.155,158.79,295.595,353.73,323.16,66.265,74.73
74.01,145.4,171.335,158.21,299.125,360.8,318.44,66.805,73.44
74.335,144.99,173.35,160.005,296.375,362.37,321.995,67.725,75.235
72.97,143.065,169.905,157.125,302.655,359.865,324.13,67.905,74.885
74.81,146.335,173.2,156.705,299.845,361.275,322.97,67.845,75.785
73.725,144.74,172.85,157.665,294.46,359.39,315.405,67.225,75.895
73.64,141.835,169.85,157.405,297.385,363.125,324.11,67.425,72.61
72.72,144.2,174.335,157.815,297.455,366.83,324.98,67.3,74.77
74.05,144.96,171.265,155.225,297.965,362.14,317.04,66.89,74.41
73.98,151.635,170.47,159,297.045,363.365,323.435,67.75,75.03
73.2,148.855,173.25,158.84,295.8,359.805,318.39,68.225,74.355
74.88,148.015,170.85,158.95,299.005,361.67,316.83,67.075,73.635
74.025,144.95,170.37,158.27,300.89,359.3,321.77,65.82,75.335
73.355,142.32,171.505,157.255,291.17,355.435,316.965,67.69,73.62
74.585,148.43,171.3,161.66,302.265,361.845,321.95,68.86,75.115
73.63,146.315,169.17,159.715,297.07,356.92,320.215,66.83,74.375
74.92,149.485,168.9,162.935,297.895,360.875,323.125,66.775,75.33
73.775,147.77,173.135,163.11,300.79,361.29,326.055,67.94,75.41
73.56,148.085,172.065,158.125,299.22,360.54,324.92,68.03,74.6
75.47,147.51,171.96,159.625,293.26,362.79,329.05,68.285,73.465
74.365,146.54,169.785,159.28,293.825,361.135,322.7,67.185,75.74
74.625,144.195,171.68,157.07,299.47,363.2,323.095,66.29,74.735
76.22,145.2,172.575,160.04,298.265,366.2,323.275,66.75,74.195
73.96,148.49,173.65,158.14,295.08,360.425,326.755,67.64,74.48
74.775,143.945,169.455,161.52,296.19,354.08,325.3,67.96,75.52
74.54,146.455,169.015,162.315,299.39,360.975,321.8,67.945,74.435
74.58,147.675,171.04,158.945,297.05,364.825,322.135,67.33,74.205
73.59,149.505,171.665,158.185,297.885,363.075,321.74,67.115,74.135
74.65,147.23,172.075,159.365,294.585,364,324.595,66.805,73.26
74.375,146.785,172.13,159.595,304.12,367.145,321.91,67.89,75.905
74.665,147.09,171.115,159.335,294.165,363.37,327.99,65.47,74.06
75.045,149.13,169.565,155.775,293.41,362.975,329.485,68.105,73.8
74.7,143.91,170.095,159.79,288.76,357.845,326.67,65.605,74.62
74.685,151.785,170.155,158.51,294.63,364.195,323.28,67.595,74.465
73.685,147.515,169.86,157.89,292.075,363.575,326.38,67.035,73.28
73.045,148.14,172.525,159.77,299.08,363.975,321.635,66.245,73.5
73.76,143.505,170.815,158.335,301.665,360.685,319.72,67.505,74.635
74.83,145.54,170.885,158.215,298.16,361.705,327.7,67.535,73.995
73.985,144.4,170.57,159.745,292.25,359.975,316.995,67.56,73.305
74.855,146.805,172.96,158.56,295.76,366.825,317.065,67.805,74.245
74.725,150.885,171.535,155.405,302.005,367.245,318.105,68.515,75.79
74.39,143.95,170.845,153.895,295.64,361.645,317.07,67.825,74.32
75.095,148.06,170.055,159.16,297.525,361.66,320.32,68.355,73.355
74.635,143.905,169.02,164.525,302.315,360.34,323.905,66.645,76.125
74.345,144.635,169.875,159.52,303.155,358.23,324.165,66.935,74.075
73.97,147.02,166.88,159.815,300.525,358.085,318.47,69.44,73.145
74.095,142.705,170.96,159.505,295.86,354.06,323.19,67.41,74.22
73.77,148.955,169.85,159.765,292.91,356.745,324.2,67.48,74.23
74.17,147.255,169.8,159.63,296.2,358.005,322.89,68.64,74.955
73.92,148.77,170.64,159.35,298.005,359.66,326.745,67.29,74.36
74.59,146,173.265,159.005,293.235,360.72,326.845,66.765,74.63
75.275,144.155,170.225,157.285,301.64,363.58,322.67,66.2,73.93
74.435,146.39,167.6,157.555,300.96,365.14,321.375,66.69,74.3
73.845,146.545,171.32,159.37,293.945,354.39,322.98,67.045,75.12
73.91,145.81,170.52,155.48,298.625,363.06,318.105,66.545,74.99
74.645,145.245,170.165,157.105,298.255,361.545,317.99,66.95,74.17
74.7,151.43,170.115,158.345,294.165,361.305,322.21,67.99,75.085
74.8,145.625,170.56,156.415,298.59,363.625,321.805,67.155,74.48
72.975,146.41,170.375,158.925,301.585,359.225,321.67,67.82,75.28
74.3,149.16,170.385,161.02,293.85,364.225,319.6,68.675,75.025
74.45,146.345,175.995,157.64,304.315,363.445,322.905,67.635,75.59
72.99,146.53,171.585,157.075,297.79,365.095,321.79,68.39,74.995
75.835,146.505,172.495,160.03,297.955,363.055,321.59,68.495,73.04
74.555,144.925,169.775,156.255,297.565,361.365,325.16,67.6,74.445
73.56,144.845,169.095,154.615,298.03,358.015,327.54,67.435,75.07
74.385,147.295,170.12,156.765,303.545,358.63,320.575,66.515,72.96
73.62,144.385,169.035,158.535,297.38,362.795,321.375,65.585,74.105
74.605,147.43,169.66,155.765,297.205,368.3,323.74,67.23,72.925
73.47,147.16,170.955,159.51,300.48,358.87,324.7,66.93,74.44
74.545,146.045,172.895,158.73,297.16,359.315,329.6,66.15,74.47
72.895,147.115,173.365,157.96,297.55,358.755,314.815,66.845,73.12
73.27,148.765,171.185,157.3,296.145,361.835,330.59,66.735,73.21
74.055,146.215,171.42,157.385,288.715,357.615,330.135,66.59,73.315
75.2,148.23,170.43,157.67,306.315,355.96,322.275,67.415,72.62
75.18,149.835,169.425,157.59,300.49,356.425,323.66,66.14,74.335
75.105,148.2,168.575,156.195,304.33,361.11,320.925,67.05,74.065
76.5,153.08,169.53,156.055,302.035,364.755,321.365,68.375,74.75
76.4,154.21,167.765,155.775,304.485,353.315,321.475,66.97,73.42
75.14,151.245,171.71,158.07,298.315,362.12,326.94,66.595,73.105
75.075,154.125,171.91,157.34,308.25,363.23,330.525,67.505,73.48
77.23,155.085,171.25,157.755,313.595,366.24,325.365,66.905,74.15
76.885,153.88,172.25,159.385,305.96,359.165,325.435,67.185,73.505
78.49,157.085,170.21,158.365,303.77,363.34,326.035,66.865,73.435
77.02,154.92,169.705,155.775,306.355,364.5,323.66,67.74,74.17
79.08,156.77,169.43,157.955,308.94,365.605,323.34,66.74,75.04
78.67,157.72,169.515,158.77,303.715,356.2,325.065,66.41,73.675
78.9,153.185,172.125,156.34,312.175,359.205,327.465,68.605,73.46
79.175,156.535,170.785,156.075,309.24,363.22,323.495,68.18,74.46
78.495,160.875,170.18,158.68,306.39,359.27,331.79,66.64,74.525
78.44,157.405,170.545,157.535,309.155,362.775,328.755,66.39,73.475
80.3,153.64,172.59,158.615,310.725,359.745,325.225,67.095,74.435
78.81,156.375,170.52,160.005,303.38,355.555,325.885,67.545,74.285
78.66,159.805,171.05,160,313.42,365.155,331.095,66.81,75.66
79.155,160.25,171.365,156.37,312.735,357.11,329.915,67.54,74.055
78.755,157.185,173.185,159.485,311.455,360.075,325.625,67.325,76.79
79.235,157.245,171.125,160.065,302.84,364,328.55,67.315,73.345
78.58,156.68,169.93,159.705,315.14,361.23,335.405,66.915,73.555
78.645,154.395,171.175,160.835,307.12,357.86,332.99,66.8,74.775
78.815,154.715,171.8,154.495,313.65,352.46,330.675,67.075,73.2
79.055,156.78,171.045,160.48,317.885,359.89,331.195,67.72,73.11
80.73,158.35,170.49,157.275,318.71,360.235,328,67.375,74.815
79.125,157.45,171.2,158.385,312.345,356.44,320.785,69.23,73.155
79.44,154.725,168.395,158.785,317.94,356.975,324.95,67.895,73.235
78.145,158.3,173.775,158.355,311.245,363.15,329.17,66.075,73.555
78.79,158.43,171.43,155.32,307.24,361.485,329.54,67.3,73.86
79.775,158.175,171.42,156.015,313.1,365.205,324.115,67.49,74.825
79.755,156.05,169.825,158.22,313.84,366.68,328.845,67.6,73.015
78.905,159.04,172.03,155.26,316.195,365.835,326.405,67.31,74.34
80.35,156.645,170.34,157.845,309.69,360.175,329.04,69.09,73.32
78.41,159.69,170.97,158.745,311.92,361.4,319.845,69.165,73.64
79.3,160.205,171.85,157.81,307.825,353.16,326.05,67.37,72.855
80.515,157.905,169.22,158.705,315.51,358.195,331.95,68.39,74.335
80.655,159.73,168.68,155.25,309.065,364.12,328.1,68.95,72.795
80.845,160.01,170.75,158.565,308.285,355.84,325.315,67.495,73.165
81.19,158.75,171.435,156.38,310.245,361.54,333.4,68.565,72.655
79.88,159.065,171.645,158.71,315.71,361.36,325.995,67.63,73.555
80.45,156.495,170.575,157.005,314.245,360.635,326.57,67.6,73.595
79.185,158.515,169.785,159.815,315.575,357.205,334.775,68.31,73.88
80.6,157.6,170.12,157.51,310.025,361.285,324.92,69.41,72.815
81.24,159.335,170.72,157.195,317.385,362.995,330.36,66.76,73.875
79.855,161.63,171.01,160.39,313.735,356.125,327.225,69.42,73.735
79.38,158.77,171.74,160.3,321.63,363.555,330.56,67.875,74.565
80.65,160.035,169.8,158.98,323.07,361.97,331.89,66.32,74.785
79.915,159.86,172.81,158.365,322.28,359.705,326.52,67.775,73.125
79.72,160.945,170.28,158.155,312.155,362.34,332.36,67.66,73.41
80.535,161.155,171.675,156.445,317.52,360.99,332.14,67.72,73.895
81.355,159.29,170.555,158,317.195,362.6,327.975,68.46,73.835
81.585,164.905,170.485,157.425,311.745,360.23,336,67.825,73.88
79.935,160.71,171.06,155.135,315.185,361.57,331.84,67.425,73.05
80.74,162.88,172.94,156.27,308.59,355.155,331.365,67.4,74.305
81.15,161.025,171.165,160.01,320.67,355.195,325.725,67.78,73.76
80.375,161.41,170.13,157.29,319.09,362.655,328.97,67.765,72.545
80.745,160.265,170.88,157.63,319.31,358.59,328.705,68.595,72.755
79.95,156.22,168.185,156.955,306.605,360.48,327.915,67.645,72.895
80.75,162.15,169.325,157.73,320.595,365.91,331.78,68.375,74.425
80.7,160.165,169.175,155.565,311.65,358.405,327.13,68.43,73.605
79.455,159.9,170.245,159.63,311.805,358.725,330.28,68.19,73.6
80.925,159.465,170.205,161.16,314.075,368.175,328.27,68.545,72.91
79.48,159.03,169.21,157.435,318.565,356.62,336.22,67.6,71.955
81.085,154.835,171.375,158.025,316.475,362.115,328.955,66.42,73.87
79.1,157.6,171.05,158.925,313.935,355.715,331.34,67.865,74.42
79.755,161.065,168.855,158.765,312.95,361.395,331.185,68.28,74.795
78.66,157.32,169.525,155.975,314.06,356.415,330.72,67.935,73.24
81.175,156.68,170.16,159.55,307.105,363.485,329.42,67.945,72.575
80.8,160.345,171.285,158.735,316.71,355.115,330.175,68.005,73.22
79.67,161.08,172.05,158.88,308.19,358.715,332.215,68.11,74.39
81.695,160.275,169.76,157.27,314.015,356.99,326.135,67.655,72.055
81.19,163.155,167.565,158.465,314.615,357.43,330.4,67.65,72.945
79.81,161.47,168.77,157.78,311.655,356.485,326.38,68.295,73.2
81.35,160.47,170.985,158.55,315.285,355.91,329.445,68.615,73.775
81.395,158.145,168.38,155.585,317.17,362.38,328.65,68.5,72.46
81.405,159.165,172.29,157.085,315.245,355.935,327.875,68.315,72.915
81.36,162.66,171.56,159.56,308.935,363.63,327.56,68.44,72.985
81.465,160.195,168.09,157.125,316.2,364.045,326.88,67.215,74.705
80.235,158.18,170.53,158.535,312.295,355.97,334.615,68.72,73.42
81.54,164.595,168.61,158.115,311.225,366.51,326.12,68.645,73.11
81.675,163.455,170.795,158,310.185,357.17,333.765,67.825,74.55
82.075,162.025,168.77,156.765,316.71,361.02,333.015,68.445,72.995
80.25,159.995,172.955,160.455,313.775,358.88,329.465,69.25,72.055
81.62,157.975,170.71,155.95,313.815,362.185,327.07,68.515,72.845
81.535,159.2,166.94,158.595,314.25,359.495,331.41,67.37,73.16
82.765,160.915,168.02,159.595,316.305,357.935,332.64,68.06,73.265
79.625,159.29,168.745,158.795,309.865,359.945,328.995,68.41,72.815
80.645,162.825,170.33,157.825,311.05,359.605,327.66,67.93,74.255
80.945,160.325,171.55,160.23,311.28,359.67,329.865,67.675,74.515
82.355,161.485,169.765,157.58,313.51,358.815,324.445,69.02,72.91
81.37,155.415,171.685,156.87,313.985,356.925,333.255,68.61,71.87
80.31,159.19,170.215,158.35,316.975,360.54,330.995,68.77,73.875
81.37,165.84,168.265,157.535,308.165,368.045,330.415,67.43,73.765
80.91,160.765,171.86,153.93,313.62,356.945,324.275,68.995,72.915
81.77,160.825,168.04,151.77,315.075,357.735,329.535,67.94,73.52
81.49,160.765,168.765,155.835,312.44,358.305,333.57,67.865,73.555
81.29,159.07,169.435,156.555,312.825,361.95,320,68.35,72.975
80.56,160.935,170.315,159.26,316.46,357.415,330.695,66.535,73.46
81.035,164.92,170.3,157.67,312.09,365.795,329.875,66.955,73.24
81.28,165.225,169.32,155.805,312.665,354.14,328.555,68.205,74.275
81.885,166.44,167.915,155.99,317.18,360.985,329.29,67.45,72.33
80.83,166.21,171.165,156.715,311.94,362.28,330.375,68.905,74.045
81.975,163.95,170.52,157.17,310.215,362.24,327.405,67.58,73.91
82.66,163.785,169.645,157.595,313.965,359.975,325.14,66.63,73.865
83.65,165.695,169.195,156.07,318.75,354.985,334.345,67.48,73.345
84.8,163.77,170.76,156.935,319.63,365.4,329.66,68.14,73.59
83.105,166.56,170.76,154.77,318.625,362.94,323.475,68.93,71.53
83.885,167.535,170.245,156.64,314.415,361.185,326.6,68.905,72.515
82.915,166.225,171.32,157.46,316.705,353.9,329.145,69.075,74.235
85.125,167.485,170.06,159.805,319.05,356.265,325.33,69.03,73.92
86.775,171.68,170.795,163.04,321.865,360.475,327.755,68.605,74.785
85.905,170.92,170.665,159.005,325.325,357.13,332.5,68.91,72.77
83.965,168.94,171.63,158.835,321.845,359.45,326.98,69.13,73.925
84.17,170.18,169.71,156.75,325.12,354.555,321.985,67.825,73.135
86.27,170.09,172.385,155.395,321.975,357.04,330.38,69.215,74.075
86.47,170.04,172.47,154.695,327.67,357.745,332.035,69.39,72.385
84.78,171.23,172.02,156.065,327.25,360.29,328.805,68.31,73.055
84.9,171.695,171.595,158.165,325.365,359.715,326.075,69.135,73.81
85.365,170.875,171.15,156.515,330.94,359.445,330.2,70.13,74
86.62,172.54,168.82,157.025,327.77,361.805,336.405,67.16,73.48
86.94,173.51,171.49,155.72,328.555,353.07,333.775,67.36,74.215
84.63,173.895,170.695,161.05,330.465,356.255,327.67,70.05,75.3
86.12,172.095,171.615,155.835,334.5,350.455,323.485,68.805,72.895
87.095,168.04,172.495,158.505,331.825,358.585,328.255,68.79,73.34
85.65,170.165,174.12,156.085,323.69,362.445,328.83,69.365,72.96
86.555,171.575,173.75,157.68,329.48,354.855,326.21,70.035,73.8
85.835,172.36,172.68,153.615,327.695,363.455,320.91,69.23,72.025
85.055,172.2,170.225,153.905,334.31,357.09,329.695,68.34,71.675
86.98,172.045,174.02,159.155,329.58,362.12,324.575,70.015,73.225
85.195,171.435,171.2,155.25,332.23,356.085,323.435,68.76,72.2
86.95,170.695,171.11,156.69,331.575,351.295,328.39,68.255,73.625
86.525,171.34,172.34,153.85,327.01,357.465,326.09,68.29,72.84
87.285,169.45,171.555,156.22,334.155,359.515,327.44,69.69,72.425
85.585,166.755,171.07,158.31,333.95,362.96,327.5,67.68,72.015
85.685,171.305,171.39,156.46,332.25,354.22,331.405,69.375,74.285
85.505,169.96,174.445,159.58,335.51,354.745,325.735,69.315,73.235
84.73,172.39,173.415,156.605,336.73,364.42,329.085,67.75,73.745
85.5,168.805,174.77,154.425,331.8,359.08,331.2,70.17,73.095
85.885,170.265,173.11,156.85,340.905,358.095,332.12,68.75,72.36
87.06,172.935,171.45,155.55,333.06,361.1,326.83,69.81,73.13
86.48,171.405,169.82,155.795,334.24,359.22,322.05,68.68,72.635
87.03,170.82,171.37,156.075,336.62,361.07,333.275,69.275,74.805
87.98,175.605,173.5,155.035,334.29,361.48,321.235,70.47,73.195
86.775,172.705,170.735,156.325,333.815,364.425,321.72,70.57,73.31
85.825,172.625,169.32,155.55,332.975,362.055,329.49,68.99,73.355
86.775,172.345,172.41,154.7,332.985,358.57,329.145,68.345,73.055
86.02,170.875,174.245,155.43,339.635,350.92,329.14,68.58,73.54
88.195,173.655,170.66,157.425,333.96,360.05,333.74,67.905,73.045
85.33,171.675,171.145,159.44,331.81,358.565,322.4,70.125,73.775
85.55,168.785,171.065,157.395,333.135,365.16,325.225,69.175,71.94
85.365,169.34,173.115,155.475,331.095,350.82,320.085,68.995,73.33
85.365,170.255,172.14,154.24,329.575,360.065,331.19,69.46,72.23
85.44,173.73,174.04,157.235,335.48,358.755,329.345,70.245,72.71
84.375,173.075,173.275,155.075,337.475,355.47,327.195,70.015,73.135
86.26,171.69,173.17,156.46,332.9,357.37,329.1,69.125,74.11
86.94,169.635,174.3,155.835,333.97,363.355,333.38,68.27,74.025
87,172.565,173.525,154.705,339.56,359.145,333.555,69.235,73.275
86.045,170.195,173.37,154.88,334.07,359.145,325.965,68.635,72.275
86.58,172.33,172.035,154.36,339.49,367.56,323.73,69.715,72.47
85.475,170.55,173.58,155.055,335.56,360.445,328.27,70.02,72.89
86.05,171.05,171.315,154.385,338.385,362.5,330.03,69.58,73.625
86.16,171.49,172.025,158.91,342.13,351.55,330.855,68.705,73.525
86.01,169.56,172.94,154.795,341.335,352.215,333.13,69.045,71.96
86.245,169.24,174.415,154.73,337.65,364,328.39,69.835,72.96
84.595,166.195,174.63,154.445,337.05,365.095,332.26,67.665,71.7
85.79,172.165,172.27,156.17,335.03,357.535,326.985,68.855,72
87.13,167.705,172.24,157.195,335.95,359.725,325.56,68.39,72.81
85.92,171.45,172.805,157.44,334.115,359.15,331.535,69.12,73.505
86.715,172.07,173.575,155.275,337.2,361.005,323.92,69.165,71.98
85.66,172.28,174.605,155.535,334.71,358.675,329.555,69.72,72.845
86.88,172.69,171.885,154.56,340.72,364.47,325.865,69.77,73.505
86.415,168.01,170.925,156.78,330.285,354.2,326.48,69.685,74.765
85.445,169.855,173.88,156.585,343.355,367.845,327.38,69.74,74.495
87.06,167.655,172.285,152.42,330.53,357.685,330.13,67.67,72.145
86.48,175.335,172.47,155.05,345.775,354.355,330.325,69.03,73.77
86.28,173.745,171.19,158.06,329.72,357.865,322.015,68.25,72.225
87.225,173.16,173.155,156.26,340.72,361.955,326.55,69.155,74.7
86.645,171.69,171.78,157.26,339.86,359.24,329.465,69.715,73.345
87.65,169.89,175.625,157.665,343.855,355.65,330.565,68.8,72.92
85.595,172.245,175,156.915,343.04,361.235,325.9,70.13,70.795
85.65,168.28,173.03,154.955,341.58,359.51,330.87,69.59,73.625
85.525,170.205,173.335,157.395,337.82,359.61,327.025,69.055,72.24
86.435,172.195,173.17,155.82,331.64,357.95,331.09,70.145,73.06
86.095,171.395,174.83,156.1,333.475,359.42,326.495,69.24,73.385
84.87,173.025,171.42,158.47,335.735,363.89,326.315,68.775,73.67
84.725,172.76,173.99,155.455,335.7,362.165,328.64,69.585,70.155
86.295,171.01,171.44,157.355,333.795,360.05,330.445,70.92,72.025
86.135,176.52,172.265,156.245,336.705,363.885,321.425,68.85,72.185
88.14,170.51,172,156.89,335.525,357.38,329.47,68.01,72.35
87.15,174.34,171.355,153.15,331.84,348.275,324.92,68.145,72.875
85.175,172.925,173.57,153.59,332.025,355.54,323.975,69.27,71.57
85.335,173.445,172.325,159.925,335.17,356.52,325.735,70.15,72.39
85.59,172.49,173.96,157.115,335.42,359.17,324.175,69.32,73.38
85.8,170.875,172.81,153.06,335.935,361.12,324.86,69.385,73.725
87.38,172.325,174.41,159.34,337.58,360.24,328.08,69.385,71.975
87.265,171.03,172.125,155.82,330.875,355.445,328.84,68.665,73.05
87.795,173.26,171.88,154.23,333.115,354.32,328.3,70.23,73.85
86.78,173.28,173.43,152.055,338.125,356.38,323.545,68.09,73.02
86.605,172.43,172.46,154.74,338.315,358.155,323.19,70.135,73.3
86.99,170.305,172.035,151.965,337.575,357.245,319.37,68.71,73.895
86.38,170.955,173.275,153.545,342.045,351.105,329.36,68.27,71.915
87.04,170.575,172.75,155.12,332.01,351.045,322.765,68.16,72.05
85.56,174.155,172.525,155.87,336.495,360.765,328.44,69.735,72.135
86.245,174.61,173.48,156.38,346.72,354.135,326.31,69.515,74.565
85.595,171.135,172.77,155.035,337.175,355.82,331.935,68.97,74.55
85.995,171.67,172.74,155.33,338.21,349.765,334.53,69.105,73.185
86.625,174.745,171.81,155.2,345.815,353.58,329.94,70.225,71.925
88.555,171.27,174.46,152.655,336.465,354.29,330.71,70.33,72.045
86.945,173.75,173.125,154.65,340.58,345.67,323.285,69.3,71.385
85.86,170.935,172.585,152.265,339.99,355.62,325.895,69.22,72.77
88.115,174.375,172.89,155.535,340.81,358.2,328.435,69.84,73.29
85.105,173.205,170.915,152.045,341.19,358.66,327.25,69.59,73.27
86.735,174.48,172.49,153.935,341.96,360.265,326.63,69.265,73.145
86.795,173.675,172.135,153.6,345.34,355.835,328.79,69.945,71.405
85.545,171.245,171.195,156.035,343.59,358.805,325.46,68.745,72.995
86.3,172.275,170.355,155.095,341.1,359.02,322.66,69.63,72.78
86.81,170.46,171.525,155.275,344.325,361.545,326.505,69.495,71.82
87.95,173.96,172.755,155.14,340.645,359.055,333.705,69.57,72.25
87.755,172.025,168.295,154.375,332.255,357.975,326.535,69.15,72.855
87.4,172.2,172.845,155.935,338.425,358.215,325.915,68.44,72.81
85.72,173.07,174.01,154.725,345.2,362.015,325.97,70.3,72.345
86.57,168.835,169.98,154.75,336.82,360.34,328.355,68.655,73.275
87.815,170.49,172.26,158.385,338.97,360.79,324.545,69.205,71.98
87.875,174.21,171.41,155.63,336.47,356.53,321.765,68.445,72.6
87.265,174.05,175.475,156.44,342.82,356.715,327.11,69.275,71.75
85.965,169.995,171.945,158.035,346.735,359.605,324.22,70.085,74.445
85.865,170.38,171.45,153.415,342.395,355.48,326.55,69.655,72.79
86.73,176.125,171.76,154.755,337.145,356.04,328.3,69.695,72.48
87.455,173.41,172.295,158.255,344.37,355.22,328.29,70.055,71.605
86.8,172.635,171.85,153.6,339.665,357.71,329.15,69.26,70.79
87.13,169.935,169.525,155.765,342.355,360.46,325.575,69.915,72.725
86.695,176.66,172.965,153.155,340.215,356.645,326.785,68.245,71.885
87.18,172.595,171.065,155.605,337.565,347.925,328.89,69.195,71.135
86.72,172.175,171.62,156.84,343.6,356.975,325.365,69.495,72.965
84.695,175.13,171.69,154.09,345.32,360.99,322.81,69.165,73.095
86.65,172.155,173.6,153.985,348.26,354.96,328.755,69.76,73.25
87.74,170.135,171.645,154.92,338.545,353.03,326.535,68.755,72.44
85.59,173.175,170.155,153.035,340.505,359.49,326.505,69.55,73.105
86.425,172.935,170.79,152.77,336,358.4,328.165,68.76,72.58
85.985,171.71,169.18,154.98,345.945,357.905,327.615,69.06,73.32
87.205,172.925,169.9,151.395,343.295,358.855,331.75,69.37,74.4
87.805,170.205,170.61,154.815,335.95,352.8,328.005,68.345,71.59
86.72,171.145,170.72,153.66,340.525,356.475,328,68.465,72.62
85.89,174.91,172.505,155.335,339.955,359.08,327.5,69.06,71.965
86.68,169.69,169.305,155.33,341.37,355.375,322.05,69.505,71.36
86.91,172.365,171.725,155.83,331.88,358.96,328.75,69.49,71.56
86.77,171.605,173.415,156.065,335.88,361.32,326.285,70.45,72.62
87.16,172.17,169.185,152.36,339.805,357.12,332.275,71.685,71.85
86.65,170.265,171.175,156.12,332.615,359.925,327.26,68.975,72.09
86.975,173.605,171.8,156.32,340.32,356.02,325.645,68.72,71.42
87.89,171.815,172.86,154.495,343.375,362.98,324.42,68.88,73.27
86.39,171.125,171.875,155.07,337.075,355.4,329.295,70.3,72.735
86.99,174.13,173.155,156.745,339.365,355.065,332.52,69.675,71.515
86.755,170.465,171.6,155.865,342.33,354.56,328.81,69.99,72.655
86.485,173.755,172.08,153.8,339.155,355.68,325.135,68.925,72.435
90.12,175.045,171.75,155.225,343.015,363.24,327.38,69.99,74.265
87.525,173.925,169.695,151.38,345.375,360.765,326.08,69.91,71.58
86.69,171.025,170.77,154.05,340.595,352.57,320.52,69.335,71.795
86.855,172.215,170.125,157.5,343.41,356.81,323.34,69.18,72.43
87.7,174.38,174.445,154.57,339.87,356.765,329.15,69.545,72.295
87.815,167.755,173.61,154.4,338.345,359.91,329.89,68.06,74.11
87.38,170.845,170.825,155.185,343.095,357.44,323.68,69.13,71.41
86.635,171.515,172.04,156.43,340.375,350.975,326.905,70.505,70.55
86.55,171.24,169.93,153.945,346.99,355.66,324.82,68.785,72.74
88.03,172.785,171.94,156.98,345.85,356.74,320.445,69.96,73.585
86.24,173.445,172.455,158.03,352.89,362.265,323.885,68.15,72.48
87.55,170.505,171.035,154.15,347.84,358.765,319.74,69.37,72.82
86.045,168.9,171.46,154.64,345.74,358.5,322.04,68.79,73.19
86.03,175.765,172.07,156.46,335.425,354.315,325.225,70.245,72.535
86.82,168.7,168.985,160.865,337.285,356.48,329.885,68.545,72.055
87.94,172.175,170.385,153.91,340.005,356.29,327.24,69.145,71.215
87.555,171.54,171.82,152.64,337.835,357.85,330.02,69.445,71.565
85.925,170.68,170.675,156.37,343.02,354.58,323.38,69.73,71.895
87.01,177.39,169.66,155.79,338.925,354.075,328.385,68.52,72.495
87.31,172.28,171.48,154.175,338.235,359.13,334.77,68.36,72.51
88.325,170.855,172.035,152.955,338.76,351.325,326.985,68.21,71.565
87.875,175.07,168.67,152.905,347.98,354.115,322.065,70.66,73.465
86.795,172.85,171.86,153.51,341.01,356.215,331.43,69.97,73.21
87.22,174.565,169.535,154.34,336.865,356.88,327.75,70.98,71.81
86.2,173.375,169.9,154.49,338.75,353.825,327.355,69.915,72.715
86.415,172.605,169.695,155.88,347.84,352.01,327.28,69.915,71.145
87.465,170.14,170.61,152.105,341.885,356.69,323.47,68.435,73.87
86.18,173.18,170.47,154.22,345.405,353.84,318.21,69.635,73.5
86.11,171.91,172.155,154.145,342,355.82,328.135,69.5,72.195
88.19,172.27,171.56,154.925,345.47,359.505,326.76,68.61,71.685
85.715,170.735,170.625,156.255,343.17,350.19,325.76,68.985,72.325
89.175,171.335,169.535,154.845,338.465,352.91,325.7,69.16,71.015
87.015,173.675,171.14,154.785,338.1,357.87,330.515,69.02,72.025
87.89,171.67,170.635,156.67,341.65,355.995,323.975,69.775,72.285
87.535,173.53,170.37,155.255,342.075,356.83,324.38,67.905,73.105
86.685,176.085,169.835,155.985,340.42,357.92,331.455,67.66,73.365
87.34,175.865,170.37,154.8,342.36,350.89,324.435,69.965,71.725
86.88,172.395,173.59,153.31,338.09,354.585,325.05,70.535,72.65
86.545,173.775,171.865,154.1,341.765,350.045,330.44,68.86,72.825
86.42,172.57,170.745,154.245,333.155,356.44,326.005,69.72,71.475
86.34,172.295,170.11,154.615,344.735,349.325,327.45,70.05,72.765
87.575,173.61,170.44,154.95,339.965,353.155,328.255,68.795,72.28
87.625,174.78,170.59,152.81,335.435,353.3,323.165,70.48,72.36
87.735,173.195,168.745,154.645,344.655,355.025,331.98,70.215,72.02
85.35,172.935,170.725,154.095,344.965,350.255,335.01,69.62,73.52
85.275,175.94,171.315,156.19,342.305,353.26,323.555,68.8,73.125
85.955,169.935,169.52,152.555,350.605,359.34,331.695,67.75,73.13
88.63,175.505,169.89,153.17,340.685,349.265,329.23,70.045,71.85
87.72,171.31,169.66,154.05,334.985,352.28,323.695,69.905,71.39
87.835,170.765,169.005,153.56,344.855,354.165,325.855,68.03,74.235
87.05,173.525,170.105,155.2,338.025,356.85,322.83,69.475,72.695
87.48,171.44,171.56,151.055,343.075,354.075,328.075,69.23,74.19
87.2,174.26,171.54,153.35,332.965,352.175,325.06,68.655,73.94
87.03,167.615,173.5,154.91,339.735,350.385,329.38,68.86,72.175
86.96,171.255,172.605,154.68,332.34,351.76,331.705,69.085,71.115
87.345,175.66,171.185,157.16,337.995,358.22,328.865,68.17,71.56
87.4,175.41,170.46,153.78,342.72,354.555,329.415,69.32,72.43
88.18,176.505,169.955,153.94,340.825,349.84,323.73,69.11,71.15
86.595,172.75,170.58,150.055,336.77,357.03,321.285,70.71,71.885
87.34,173.605,172.51,154.485,343.905,355.095,330.845,68.92,71.875
86.79,172.95,171.005,156.105,337.92,351.29,328.64,68.745,69.825
86.07,169.89,170.615,152.235,337.79,360.63,328.005,69.08,72.115
86.805,174.26,168.875,154.47,336.545,358.805,324.945,69.6,72.075
86.315,172.27,170.34,153.825,342.635,352.52,327.84,69.45,72.675
86.75,169.985,166.41,151.04,342.525,351.365,327.785,68.225,72.915
85.15,170.215,168.9,153.3,339.75,354.79,322.3,69.45,70.89
87.05,172.95,170.58,155.66,342.605,357.415,324.35,69.01,72.885
86.28,171.77,171.43,154.33,343.65,357.775,330.75,69.425,72.42
86.92,171.675,170.73,151.54,335.83,354.77,327.94,69.045,71.725
86.195,167.335,168.22,153.365,339,352.38,317.425,69.41,71.87
87.37,170.505,167.46,154.39,336.645,354.88,321.37,69.19,70.495
87.395,172.63,167.855,154.705,345.17,353.585,320.395,69.57,72.015
85.07,173.445,167.585,153.585,338.445,353.465,323.63,70.03,72.17
86.67,169.3,168.295,153.48,335.075,355.6,325.235,69.095,72.265
88.505,170.91,168.685,152.475,330.29,353.025,324.58,68.2,72.97
87.37,170.3,169.555,153.45,338.315,350.965,322.48,69.32,71.885
86.02,169.57,170.64,154.26,343.17,359.425,324.255,69.535,72.455
86.82,171.53,167.92,150.91,341.085,353.765,326.135,69.6,70.885
86.1,174.86,167.4,157.06,341.53,354.42,324.035,69.8,72.18
86.665,172.445,169.01,154.38,339.48,355.385,325.79,69.495,71.94
86.945,172.615,170.025,153.475,339.78,355.695,330.365,68.475,72
87.08,171.35,170.915,153.025,341.325,351.82,324.94,70.045,72.145
85.445,174.47,169.71,151.175,335.2,359.895,329.84,68.9,71.87
86.86,171.16,168.84,155.29,338.445,354.36,330.145,69.47,71.515
85.545,173.93,168.705,152.835,343.325,357.84,323.975,70.98,72.405
87.205,172.185,168.855,150.82,340.705,351.58,327.395,69.775,72.455
87.485,170.18,168.63,150.38,340.135,349.665,327.385,69.685,71.635
86.185,169.495,167.265,154.1,342.49,356.04,327.05,68.825,70.33
86.715,170.745,170.225,154.8,337.36,354.07,329.22,69.005,72.2
86.11,169.21,167.655,154.96,341.465,359.81,325.88,67.805,72.775
86.03,170.245,168.565,152.69,341.785,360.19,332.325,68.695,72.46
86.245,171.665,168.755,151.29,337.55,355.605,324.085,69.14,69.495
84.765,170.385,170.27,157.615,342.755,358,324.365,68.27,72.22
85.3,171.845,170.49,157.615,334.49,353.71,323.835,69.455,71.455
85.605,170.95,170.02,154.71,339.12,358.84,318.27,68.385,72.13
86.455,168.575,169.15,154.665,339.435,350.695,324.61,68.905,72.77
88.21,170.395,169.085,151.955,338.47,354.705,325.615,69.265,72.25
85.155,173.08,169.785,154.325,336.22,351.36,322.91,68.795,72.81
86.785,171.17,168.175,153.675,334.13,355.65,330.87,67.93,69.67
86.455,173.27,169.025,152.85,338.11,349.78,320.19,69.12,71.03
84.97,170.03,169.215,151.59,331.97,354.265,323.27,68.84,70.74
85.465,170.31,167.26,153.44,338.23,349.255,318.835,68.325,72.38
85.54,168.98,168.115,151.315,338.615,356.44,318.205,68,72.245
85.38,173.995,168.835,152.08,341.605,355.405,324.655,68.51,72.95
85.46,169.31,168.425,151.405,332.29,358.81,325.96,69.125,72.085
86.215,173.6,169.82,153.525,340,358.6,328.36,69.05,71.68
86.23,168.905,170.855,151.315,338.165,359.805,320.52,68.475,71.915
86.15,172.05,166.795,152.56,340.665,358.435,326.755,68.83,71.98
84.64,170.935,167.925,152.045,334.615,355.73,323.15,68.745,71.805
85.13,169.58,168.85,153.46,337.08,352.94,318.425,68.825,71.55
85.71,169.215,169.205,149.93,336.27,349.025,322.66,69.47,70.59
85.745,171.38,167.97,153.045,336.82,353.545,328.87,68.44,71.82
86.515,171.14,169.345,154.12,336.725,353.315,328.75,67.565,71.535
87.995,171.415,167.635,150.205,335.895,355.61,326.315,69.025,71.925
86.205,171.265,168.91,152.065,341.74,356.91,328.465,69.51,71.335
86.245,174.625,167.665,153.74,335.4,358.75,323.8,68.66,71.545
84.745,169.405,166.89,152.275,336.965,352.08,321.145,68.245,72.465
84.845,170.75,167.545,151.38,342.265,351.51,324.66,70.33,70.705
85.36,171.545,168.05,153.51,339.155,351.945,323.77,69.1,72.23
85.405,168.03,169.47,154.43,339.575,353.7,321.185,67.98,71.065
85.505,172.12,167.1,151.945,331.96,355.515,331.015,68.855,70.625
85.815,170.955,166.4,150.94,339.195,352.96,323.12,67.87,70.86
86.795,171.01,166.67,152.91,341.065,351.25,321.12,68.23,71.19
85.675,170.21,169.56,155.165,342.39,357.63,324.935,69.9,71.625
86.505,170.185,167.6,153.695,344.005,360.04,321.575,69.665,72
86.94,167.24,169.105,156.055,339.91,354.455,329.905,68.31,71.565
86.025,170.095,166.65,152.18,340.69,353.01,318.035,69.355,71.925
86.2,170.03,167.295,152.405,335.96,354.88,326.01,68.39,72.375
84.7,171.58,166.09,153.15,332.77,353.9,318.41,69.04,72.215
86.15,169.14,170.21,154.24,339.205,351.89,321.01,67.82,72.095
85.205,173.21,167.09,154.43,338.06,358.225,324.16,68.44,70.86
84.755,168.495,170.49,153.93,338.285,352.045,319.4,68.43,71.53
86.62,171.455,169.265,150.155,346.43,349.92,333.345,69.025,70.945
86.545,168.805,166.87,151.235,341.07,354.22,322.775,68.775,72.91
86.215,167.91,165.675,153.275,337.16,356.13,327.95,68.705,73.63
86.195,169.71,166.915,152.155,334.425,351.47,327.21,68.55,70.12
86.21,167.64,167.715,152.36,339.35,356.55,323.735,69.34,72.92
85.36,169.805,166.315,151.175,341.66,354.905,325.635,69.99,72.68
84.495,169.4,166.41,150.47,333.815,355.36,325.39,69.05,70.9
85.85,169.84,166.975,152.795,331.955,358.315,327.095,68.185,71.395
86.705,171.15,168.81,152.265,340.43,353.87,322.165,68.635,73.03
85.475,171.16,168.565,153.715,344.45,355.97,320.86,67.86,71.27
86.565,168.425,168.895,151.335,339.51,356.205,323.32,68.83,73.005
85.265,173.48,167.405,154.37,337.335,354.885,322.275,67.925,70.32
85.89,170.965,167.62,151.935,343.305,352.4,321.56,69.895,72.23
86.57,173.72,165.08,153.885,335.9,358.435,324.13,68.97,71.77
86.71,169.315,166.84,154.43,331.31,353.31,324.69,69.565,71.52
85.925,170.995,167.42,153.32,339.54,352.86,329,68.82,71.075
86.27,169.585,166.155,153.95,338.47,356.41,325.815,69.03,70.715
85.98,169,162.82,151.555,334.815,347.755,325.055,69.18,73.04
85.885,169.425,166.32,152.45,336.495,358.57,321.995,68.95,71.09
85.42,170.66,165.645,150.84,333.185,352.05,323.25,68.5,71.27
85.265,170.525,167.6,153.21,334.37,354.88,320.755,68.7,72.76
84.86,171.735,169.055,152.12,342.135,359.43,324.71,68.285,71.815
86.46,170.39,168.015,151.835,342.445,352.06,322.22,68.97,70.51
85.785,170.88,168.5,154.25,341.17,348.295,320.19,69.205,71.035
85.83,171.48,166.605,154.005,336.565,356.55,322.82,68.89,71.26
85.7,171.49,168.285,151.155,336.08,354.075,322.93,70.015,72.48
86.61,169.735,165.245,151.09,340.12,355.015,324.84,67.835,71.74
85.045,170.205,165.045,151.84,338.64,351.805,323.045,68.115,70.83
85.55,166.55,167.99,153.195,332.255,350.695,320.71,70.325,72.895
85.155,168.425,166.835,154.09,332.82,347.395,320.25,69.32,71.69
84.48,170.215,165.205,154.055,335.865,355.62,328.34,68.895,72.26
85.33,171.975,166.255,157.225,339.655,347.09,322.53,68.95,71.395
85.03,169.715,168.645,153.645,332.625,356.16,321.6,68.97,71.675
83.765,169.24,166.94,149.695,332.755,349.47,319.875,67.785,71.565
85.11,164.51,168.655,149.86,329.435,358.885,327.585,69.015,71.475
87.53,169.385,165.18,152.025,334.515,351.29,322.935,69.625,71.175
85.415,171.15,167.38,150.59,338.535,349.545,327.715,67.59,70.115
85.675,170.275,167.485,148.27,340.92,350.175,327.52,68.87,71.705
85.825,165.12,166.36,152.325,339.195,350.37,318.975,68.4,70.39
86.005,170.86,167.45,152.935,341.115,353.43,322.88,68.63,72.77
85.52,170.24,167.085,151.48,335.72,347.405,323.18,68.735,70.8
85.865,172.05,167.975,153.095,338.68,353.455,327.59,68.675,71.51
84.61,170,168.065,148.51,339.675,355.28,327.415,69.015,72.725
86.19,168.615,166.03,151.895,335.105,357.67,322.67,68.57,71.25
86.015,170.89,165.58,150.395,335.365,353.875,328.835,68.885,70.85
85.69,167.125,167.46,149.99,339.195,356.59,328.32,69.145,72.36
86.48,172.155,167.985,154.5,332.215,355.52,328.36,70.095,73.365
85.93,169.725,163.79,151.225,336.76,351.47,320.58,67.98,71.015
84.105,166.71,167.775,150.28,336.67,352.4,328.73,67.85,71.41
85.36,168.445,167.135,151.165,327.965,351.525,326.455,69.855,71.145
85.66,169.59,166.86,149.96,338.575,349.99,319.265,67.87,72.075
85.165,167.785,167.635,151.425,334.86,356.57,318.965,69.3,72.08
84.91,168.79,166.345,149.41,334.76,347.21,330.985,69.44,70.715
84.73,169.1,167.65,150.86,336.08,342.97,328.015,69.205,71.39